{"cameraMode":{"drawMode":0,"name":"Shaded","section":"Shading Mode"},"sceneLighting":false,"audioPlay":false,"sceneViewState":{"m_AlwaysRefresh":false,"showFog":true,"showSkybox":false,"showFlares":true,"showImageEffects":true,"showParticleSystems":true,"showVisualEffectGraphs":true,"m_FxEnabled":false},"in2DMode":false,"pivot":{"x":-15.234838485717774,"y":16.870485305786134,"z":-24.316972732543947},"rotation":{"x":0.08771337568759918,"y":-0.04033225029706955,"z":0.00355452299118042,"w":0.9953271150588989},"size":13.518808364868164,"orthographic":true}