{"cameraMode":{"drawMode":0,"name":"Shaded","section":"Shading Mode"},"sceneLighting":false,"audioPlay":false,"sceneViewState":{"m_AlwaysRefresh":false,"showFog":true,"showSkybox":false,"showFlares":true,"showImageEffects":true,"showParticleSystems":true,"showVisualEffectGraphs":true,"m_FxEnabled":true},"in2DMode":false,"pivot":{"x":11.76458740234375,"y":10.611812591552735,"z":9.586511611938477},"rotation":{"x":0.6224969029426575,"y":0.038694318383932117,"z":-0.030838318169116975,"w":0.7810673713684082},"size":33.82693099975586,"orthographic":true}